,corp_code,corp_name,stock_code,corp_cls,report_nm,rcept_no,flr_nm,rcept_dt,rm,year
0,00469799,이엔플러스,074610,Y,[기재정정]사업보고서 (2021.12),20220331003484,이엔플러스,20220331,연,2022
1,00127042,삼양통상,002170,Y,[기재정정]사업보고서 (2021.12),20220331003424,삼양통상,20220331,연,2022
3,00174527,화성산업,002460,Y,[기재정정]사업보고서 (2021.12),20220331003395,화성산업,20220331,연,2022
6,00138297,STX,011810,Y,[기재정정]사업보고서 (2021.12),20220331003200,STX,20220331,연,2022
7,00132354,쿠쿠홀딩스,192400,Y,[기재정정]사업보고서 (2021.12),20220331002932,쿠쿠홀딩스,20220331,연,2022
8,00622787,바이오노트,377740,Y,사업보고서 (2021.12),20220331002923,바이오노트,20220331,연,2022
9,00141875,사조오양,006090,Y,[기재정정]사업보고서 (2021.12),20220331002835,사조오양,20220331,,2022
10,00555874,제주항공,089590,Y,[기재정정]사업보고서 (2021.12),20220331002829,제주항공,20220331,연,2022
11,00163691,유수홀딩스,000700,Y,[기재정정]사업보고서 (2021.12),20220331002815,유수홀딩스,20220331,연,2022
12,00226316,호전실업,111110,Y,[기재정정]사업보고서 (2021.12),20220331002749,호전실업,20220331,연,2022
13,00248974,하나제약,293480,Y,[기재정정]사업보고서 (2021.12),20220331002435,하나제약,20220331,,2022
14,00152385,에이프로젠,007460,Y,사업보고서 (2021.12),20220331001224,에이프로젠,20220331,연,2022
15,00121039,명문제약,017180,Y,[기재정정]사업보고서 (2021.12),20220331000338,명문제약,20220331,연,2022
16,00132628,성문전자,014910,Y,사업보고서 (2021.12),20220331000062,성문전자,20220331,연,2022
17,00142883,우신시스템,017370,Y,사업보고서 (2021.12),20220331000022,우신시스템,20220331,연,2022
18,00481454,금호타이어,073240,Y,[기재정정]사업보고서 (2021.12),20220330001690,금호타이어,20220330,연,2022
19,00172291,더존비즈온,012510,Y,[기재정정]사업보고서 (2021.12),20220330001628,더존비즈온,20220330,연,2022
20,01267684,쿠쿠홈시스,284740,Y,[기재정정]사업보고서 (2021.12),20220330001375,쿠쿠홈시스,20220330,연,2022
21,00134723,페이퍼코리아,001020,Y,[기재정정]사업보고서 (2021.12),20220330001348,페이퍼코리아,20220330,연,2022
22,00102113,경인양행,012610,Y,[기재정정]사업보고서 (2021.12),20220330000263,경인양행,20220330,연,2022
23,00172185,남성,004270,Y,사업보고서 (2021.12),20220329001016,남성,20220329,연,2022
24,00127802,삼익THK,004380,Y,[기재정정]사업보고서 (2021.12),20220329000395,삼익THK,20220329,,2022
25,00632304,JW홀딩스,096760,Y,사업보고서 (2021.12),20220329000006,JW홀딩스,20220329,연,2022
27,00225706,JW생명과학,234080,Y,사업보고서 (2021.12),20220328001123,JW생명과학,20220329,연,2022
28,00112970,대한방직,001070,Y,[기재정정]사업보고서 (2021.12),20220328001072,대한방직,20220328,연,2022
29,00186559,콤텍시스템,031820,Y,사업보고서 (2021.12),20220328001029,콤텍시스템,20220328,연,2022
30,00106368,금호석유화학,011780,Y,[기재정정]사업보고서 (2021.12),20220328000826,금호석유화학,20220328,연,2022
31,00166272,화승코퍼레이션,013520,Y,[첨부정정]사업보고서 (2021.12),20220328000684,화승코퍼레이션,20220328,연,2022
32,00109806,삼일씨엔에스,004440,Y,[기재정정]사업보고서 (2021.12),20220328000445,삼일씨엔에스,20220328,연,2022
33,00557933,진도,088790,Y,[기재정정]사업보고서 (2021.12),20220328000433,진도,20220328,연,2022
34,00116268,동성제약,002210,Y,[기재정정]사업보고서 (2021.12),20220328000201,동성제약,20220328,,2022
35,00159254,한국전자홀딩스,006200,Y,사업보고서 (2021.12),20220325001334,한국전자홀딩스,20220328,연,2022
36,00146542,일정실업,008500,Y,사업보고서 (2021.12),20220325001322,일정실업,20220325,연,2022
37,00688996,KB금융,105560,Y,[기재정정]사업보고서 (2021.12),20220325001281,KB금융,20220325,연,2022
38,00172936,동일산업,004890,Y,[기재정정]사업보고서 (2021.12),20220325001115,동일산업,20220325,연,2022
39,00164478,현대건설,000720,Y,[기재정정]사업보고서 (2021.12),20220325001068,현대건설,20220325,연,2022
40,00113492,깨끗한나라,004540,Y,[첨부정정]사업보고서 (2021.12),20220325001053,깨끗한나라,20220325,연,2022
41,00159564,한국주강,025890,Y,[기재정정]사업보고서 (2021.12),20220325001050,한국주강,20220325,,2022
42,00126779,삼아알미늄,006110,Y,[첨부정정]사업보고서 (2021.12),20220325000460,삼아알미늄,20220325,연,2022
43,00159971,KC그린홀딩스,009440,Y,[기재정정]사업보고서 (2021.12),20220325000392,KC그린홀딩스,20220325,연,2022
44,00796994,조선선재,120030,Y,[기재정정]사업보고서 (2021.12),20220325000373,조선선재,20220325,,2022
45,00149026,CS홀딩스,000590,Y,[기재정정]사업보고서 (2021.12),20220325000371,CS홀딩스,20220325,연,2022
46,00261285,한국가스공사,036460,Y,[기재정정]사업보고서 (2021.12),20220325000211,한국가스공사,20220325,연,2022
47,00795135,코오롱인더,120110,Y,[첨부정정]사업보고서 (2021.12),20220325000069,코오롱인더,20220325,연,2022
48,00134510,세종공업,033530,Y,사업보고서 (2021.12),20220324000888,세종공업,20220324,연,2022
49,00114792,동국제강,001230,Y,[기재정정]사업보고서 (2021.12),20220324000882,동국제강,20220324,연,2022
50,00412597,현대홈쇼핑,057050,Y,[기재정정]사업보고서 (2021.12),20220324000867,현대홈쇼핑,20220324,연,2022
51,00728638,한세실업,105630,Y,[기재정정]사업보고서 (2021.12),20220324000782,한세실업,20220324,연,2022
52,00176914,다우기술,023590,Y,[기재정정]사업보고서 (2021.12),20220324000698,다우기술,20220324,연,2022
53,00148276,제일기획,030000,Y,[기재정정]사업보고서 (2021.12),20220324000651,제일기획,20220324,연,2022
54,00296290,키움증권,039490,Y,[기재정정]사업보고서 (2021.12),20220324000600,키움증권,20220324,연,2022
55,00151863,청호ICT,012600,Y,[기재정정]사업보고서제출기한연장신고서 (2021.12),20220324000559,청호ICT,20220324,,2022
56,00149804,대유에이텍,002880,Y,[기재정정]사업보고서 (2021.12),20220324000531,대유에이텍,20220324,연,2022
57,00145552,이수화학,005950,Y,[첨부정정]사업보고서 (2021.12),20220324000505,이수화학,20220324,연,2022
58,00112378,KR모터스,000040,Y,[기재정정]사업보고서제출기한연장신고서 (2021.12),20220324000446,KR모터스,20220324,,2022
59,00122056,미창석유공업,003650,Y,사업보고서 (2021.12),20220324000331,미창석유공업,20220324,연,2022
60,00160588,한화,000880,Y,[기재정정]사업보고서 (2021.12),20220324000140,한화,20220324,연,2022
61,00480367,SK오션플랜트,100090,Y,사업보고서 (2021.12),20220323001382,SK오션플랜트,20220323,연,2022
62,00156150,하이트론씨스템즈,019490,Y,사업보고서제출기한연장신고서 (2021.12),20220323001376,하이트론씨스템즈,20220323,,2022
63,00113544,대한화섬,003830,Y,사업보고서 (2021.12),20220323001348,대한화섬,20220323,,2022
64,00203315,콘텐트리중앙,036420,Y,사업보고서 (2021.12),20220323001342,콘텐트리중앙,20220323,,2022
65,01108099,현대코퍼레이션홀딩스,227840,Y,사업보고서 (2021.12),20220323001338,현대코퍼레이션홀딩스,20220323,연,2022
66,00158316,NICE,034310,Y,사업보고서 (2021.12),20220323001331,NICE,20220323,연,2022
67,00128227,삼정펄프,009770,Y,사업보고서 (2021.12),20220323001311,삼정펄프,20220323,,2022
68,00565154,이노션,214320,Y,사업보고서 (2021.12),20220323001310,이노션,20220323,연,2022
69,00194947,한전산업,130660,Y,사업보고서 (2021.12),20220323001234,한전산업,20220323,연,2022
70,00111689,대우부품,009320,Y,사업보고서 (2021.12),20220323001221,대우부품,20220323,,2022
71,00102618,계양전기,012200,Y,사업보고서제출기한연장신고서 (2021.12),20220323001202,계양전기,20220323,,2022
72,00458234,아시아나IDT,267850,Y,사업보고서 (2021.12),20220323001196,아시아나IDT,20220323,,2022
73,00453488,다이나믹디자인,145210,Y,사업보고서 (2021.12),20220323001189,다이나믹디자인,20220323,연,2022
74,00816544,토니모리,214420,Y,사업보고서 (2021.12),20220323001143,토니모리,20220323,연,2022
75,00107613,이수페타시스,007660,Y,사업보고서 (2021.12),20220323001140,이수페타시스,20220323,연,2022
76,00147860,에스엠벡셀,010580,Y,사업보고서 (2021.12),20220323001138,에스엠벡셀,20220323,연,2022
77,00135111,수산중공업,017550,Y,사업보고서 (2021.12),20220323001120,수산중공업,20220323,연,2022
78,00108038,엔피씨,004250,Y,사업보고서 (2021.12),20220323001097,엔피씨,20220323,연,2022
79,00117267,동양생명,082640,Y,사업보고서 (2021.12),20220323001093,동양생명,20220323,연,2022
80,00156488,휴스틸,005010,Y,사업보고서 (2021.12),20220323001079,휴스틸,20220323,연,2022
81,00130091,샘표,007540,Y,[기재정정]사업보고서 (2021.12),20220323001080,샘표,20220323,연,2022
82,00163716,한창,005110,Y,사업보고서 (2021.12),20220323001074,한창,20220323,연,2022
83,00651901,에어부산,298690,Y,사업보고서 (2021.12),20220323001066,에어부산,20220323,,2022
84,00671376,티웨이항공,091810,Y,사업보고서 (2021.12),20220323001033,티웨이항공,20220323,연,2022
85,01205709,HD현대,267250,Y,[기재정정]사업보고서 (2021.12),20220323001006,HD현대,20220323,연,2022
86,00631518,SK이노베이션,096770,Y,사업보고서 (2021.12),20220323000978,SK이노베이션,20220323,연,2022
87,00706715,미원홀딩스,107590,Y,사업보고서 (2021.12),20220323000968,미원홀딩스,20220323,연,2022
88,00114765,케이비아이동국실업,001620,Y,사업보고서 (2021.12),20220323000961,케이비아이동국실업,20220323,연,2022
89,00107677,비비안,002070,Y,사업보고서 (2021.12),20220323000957,비비안,20220323,연,2022
90,00117337,동양,001520,Y,[기재정정]사업보고서 (2021.12),20220323000930,동양,20220323,연,2022
91,00119140,핸즈코퍼레이션,143210,Y,사업보고서 (2021.12),20220323000898,핸즈코퍼레이션,20220323,연,2022
92,00108940,대성홀딩스,016710,Y,사업보고서 (2021.12),20220323000894,대성홀딩스,20220323,연,2022
93,00423690,삼성출판사,068290,Y,사업보고서 (2021.12),20220323000869,삼성출판사,20220323,연,2022
94,00109824,대림통상,006570,Y,사업보고서 (2021.12),20220323000843,대림통상,20220323,연,2022
95,00113562,롯데손해보험,000400,Y,사업보고서 (2021.12),20220323000792,롯데손해보험,20220323,,2022
96,00133706,세하,027970,Y,사업보고서 (2021.12),20220323000788,세하,20220323,,2022
97,00105156,극동유화,014530,Y,사업보고서 (2021.12),20220323000781,극동유화,20220323,연,2022
98,00117726,동양피스톤,092780,Y,사업보고서 (2021.12),20220323000753,동양피스톤,20220323,연,2022
99,00681142,쌍방울,102280,Y,사업보고서 (2021.12),20220323000748,쌍방울,20220323,연,2022
100,00118451,동일제강,002690,Y,사업보고서 (2021.12),20220323000738,동일제강,20220323,,2022
101,00130879,서울식품공업,004410,Y,사업보고서 (2021.12),20220323000713,서울식품공업,20220323,,2022
102,00146861,자화전자,033240,Y,사업보고서 (2021.12),20220323000621,자화전자,20220323,연,2022
103,00144818,유유제약,000220,Y,사업보고서 (2021.12),20220323000620,유유제약,20220323,연,2022
104,00156354,지엠비코리아,013870,Y,사업보고서 (2021.12),20220323000588,지엠비코리아,20220323,연,2022
105,00255619,강원랜드,035250,Y,사업보고서 (2021.12),20220323000547,강원랜드,20220323,연,2022
106,00129554,갤럭시아에스엠,011420,Y,[기재정정]사업보고서 (2021.12),20220323000490,갤럭시아에스엠,20220323,,2022
107,00109514,티웨이홀딩스,004870,Y,사업보고서 (2021.12),20220323000447,티웨이홀딩스,20220323,연,2022
108,00127158,씨아이테크,004920,Y,사업보고서 (2021.12),20220323000416,씨아이테크,20220323,연,2022
109,00131939,선도전기,007610,Y,사업보고서 (2021.12),20220323000389,선도전기,20220323,연,2022
110,00163673,한진중공업홀딩스,003480,Y,사업보고서 (2021.12),20220323000386,한진중공업홀딩스,20220323,연,2022
111,01238169,오리온,271560,Y,[기재정정]사업보고서 (2021.12),20220323000300,오리온,20220323,연,2022
112,00134565,이스타코,015020,Y,사업보고서 (2021.12),20220323000253,이스타코,20220323,,2022
113,00148461,제일연마,001560,Y,사업보고서 (2021.12),20220323000156,제일연마,20220323,연,2022
114,01205329,크라운제과,264900,Y,[기재정정]사업보고서 (2021.12),20220323000021,크라운제과,20220323,,2022
115,00193009,KH 필룩스,033180,Y,사업보고서 (2021.12),20220322001131,KH 필룩스,20220322,연,2022
116,00589127,KEC,092220,Y,사업보고서 (2021.12),20220322001114,KEC,20220322,연,2022
117,00198697,일진디스플,020760,Y,사업보고서 (2021.12),20220322001113,일진디스플,20220322,연,2022
118,00937324,한국타이어앤테크놀로지,161390,Y,[기재정정]사업보고서 (2021.12),20220322001106,한국타이어앤테크놀로지,20220322,연,2022
119,00168331,국동,005320,Y,사업보고서 (2021.12),20220322001089,국동,20220322,연,2022
120,00155355,풀무원,017810,Y,사업보고서 (2021.12),20220322001067,풀무원,20220322,연,2022
121,00113207,대한전선,001440,Y,사업보고서 (2021.12),20220322001052,대한전선,20220322,연,2022
122,00160302,코스모화학,005420,Y,사업보고서 (2021.12),20220322001034,코스모화학,20220322,연,2022
123,00138792,아시아나항공,020560,Y,사업보고서 (2021.12),20220322001012,아시아나항공,20220322,연,2022
124,00126937,삼양홀딩스,000070,Y,사업보고서 (2021.12),20220322001008,삼양홀딩스,20220322,연,2022
125,00126089,대유플러스,000300,Y,사업보고서 (2021.12),20220322000990,대유플러스,20220322,연,2022
126,00169048,HLB글로벌,003580,Y,사업보고서 (2021.12),20220322000988,HLB글로벌,20220322,연,2022
127,00684802,에이플러스에셋,244920,Y,[기재정정]사업보고서 (2021.12),20220322000962,에이플러스에셋,20220322,연,2022
128,00261443,엔씨소프트,036570,Y,사업보고서 (2021.12),20220322000959,엔씨소프트,20220322,연,2022
129,00309503,한국항공우주,047810,Y,사업보고서 (2021.12),20220322000955,한국항공우주,20220322,연,2022
130,00127255,삼영,003720,Y,사업보고서 (2021.12),20220322000953,삼영,20220322,연,2022
131,00143314,에이엔피,015260,Y,사업보고서 (2021.12),20220322000949,에이엔피,20220322,,2022
132,00107224,남선알미늄,008350,Y,사업보고서 (2021.12),20220322000939,남선알미늄,20220322,연,2022
133,00145190,유화증권,003460,Y,[기재정정]사업보고서 (2021.12),20220322000927,유화증권,20220322,,2022
134,00131832,SK디스커버리,006120,Y,[기재정정]사업보고서 (2021.12),20220322000926,SK디스커버리,20220322,연,2022
135,00118965,티에이치엔,019180,Y,사업보고서 (2021.12),20220322000923,티에이치엔,20220322,연,2022
136,00145598,이연제약,102460,Y,사업보고서 (2021.12),20220322000922,이연제약,20220322,연,2022
137,00119195,동화약품,000020,Y,사업보고서 (2021.12),20220322000889,동화약품,20220322,연,2022
138,00132868,성안,011300,Y,사업보고서 (2021.12),20220322000888,성안,20220322,연,2022
139,00409672,티비에이치글로벌,084870,Y,사업보고서 (2021.12),20220322000879,티비에이치글로벌,20220322,,2022
140,00154329,태평양물산,007980,Y,사업보고서 (2021.12),20220322000869,태평양물산,20220322,연,2022
141,00113535,대한해운,005880,Y,사업보고서 (2021.12),20220322000863,대한해운,20220322,연,2022
142,00180795,인팩,023810,Y,사업보고서 (2021.12),20220322000861,인팩,20220322,연,2022
143,00459871,농심홀딩스,072710,Y,사업보고서 (2021.12),20220322000853,농심홀딩스,20220322,연,2022
144,00164812,현대코퍼레이션,011760,Y,사업보고서 (2021.12),20220322000850,현대코퍼레이션,20220322,연,2022
145,00980122,JB금융지주,175330,Y,사업보고서 (2021.12),20220322000818,JB금융지주,20220322,연,2022
146,00162072,한신기계공업,011700,Y,사업보고서 (2021.12),20220322000815,한신기계공업,20220322,연,2022
147,00117212,두산,000150,Y,[첨부정정]사업보고서 (2021.12),20220322000813,두산,20220322,연,2022
148,00219574,코스맥스비티아이,044820,Y,사업보고서 (2021.12),20220322000797,코스맥스비티아이,20220322,연,2022
149,00159795,한국카본,017960,Y,사업보고서 (2021.12),20220322000780,한국카본,20220322,연,2022
150,00480455,STX엔진,077970,Y,사업보고서 (2021.12),20220322000774,STX엔진,20220322,연,2022
151,00132804,성신양회,004980,Y,사업보고서 (2021.12),20220322000761,성신양회,20220322,연,2022
152,00360142,아이마켓코리아,122900,Y,사업보고서 (2021.12),20220322000751,아이마켓코리아,20220322,연,2022
153,00127857,삼익악기,002450,Y,사업보고서 (2021.12),20220322000742,삼익악기,20220322,연,2022
154,00526599,덴티움,145720,Y,사업보고서 (2021.12),20220322000724,덴티움,20220322,연,2022
155,00135777,신대양제지,016590,Y,사업보고서 (2021.12),20220322000706,신대양제지,20220322,연,2022
156,00136457,SH에너지화학,002360,Y,사업보고서 (2021.12),20220322000701,SH에너지화학,20220322,연,2022
157,00159698,지역난방공사,071320,Y,사업보고서 (2021.12),20220322000684,지역난방공사,20220322,연,2022
158,00101433,경농,002100,Y,사업보고서 (2021.12),20220322000678,경농,20220322,연,2022
159,00442835,메타랩스,090370,Y,사업보고서 (2021.12),20220322000674,메타랩스,20220322,연,2022
160,01204056,하이브,352820,Y,사업보고서 (2021.12),20220322000653,하이브,20220322,연,2022
161,00106119,금양,001570,Y,사업보고서 (2021.12),20220322000647,금양,20220322,연,2022
162,00118521,진원생명과학,011000,Y,사업보고서 (2021.12),20220322000627,진원생명과학,20220322,연,2022
163,00111458,대영포장,014160,Y,[기재정정]사업보고서 (2021.12),20220322000600,대영포장,20220322,,2022
164,00164779,SK하이닉스,000660,Y,사업보고서 (2021.12),20220322000590,SK하이닉스,20220322,연,2022
165,00103662,광명전기,017040,Y,사업보고서 (2021.12),20220322000565,광명전기,20220322,연,2022
166,00124151,부산주공,005030,Y,사업보고서 (2021.12),20220322000532,부산주공,20220322,,2022
167,00112651,대창,012800,Y,사업보고서 (2021.12),20220322000499,대창,20220322,연,2022
168,00107066,남광토건,001260,Y,사업보고서 (2021.12),20220322000463,남광토건,20220322,연,2022
169,00911955,잇츠한불,226320,Y,사업보고서 (2021.12),20220322000457,잇츠한불,20220322,연,2022
170,00163345,DB,012030,Y,사업보고서 (2021.12),20220322000400,DB,20220322,연,2022
171,00303217,우진플라임,049800,Y,사업보고서 (2021.12),20220322000393,우진플라임,20220322,연,2022
172,00861076,케이탑리츠,145270,Y,사업보고서 (2021.12),20220322000362,케이탑리츠,20220322,연,2022
173,00106313,금호건설,002990,Y,사업보고서 (2021.12),20220322000355,금호건설,20220322,연,2022
174,00110608,DSR,155660,Y,사업보고서 (2021.12),20220322000343,DSR,20220322,연,2022
175,00148948,조비,001550,Y,사업보고서 (2021.12),20220322000340,조비,20220322,,2022
176,00453284,교촌에프앤비,339770,Y,사업보고서 (2021.12),20220322000301,교촌에프앤비,20220322,연,2022
177,00159616,두산에너빌리티,034020,Y,사업보고서 (2021.12),20220322000017,두산에너빌리티,20220322,연,2022
178,00670340,씨에스윈드,112610,Y,사업보고서 (2021.12),20220321001550,씨에스윈드,20220321,연,2022
179,00101220,KG케미칼,001390,Y,사업보고서 (2021.12),20220321001518,KG케미칼,20220321,,2022
180,00161976,한세예스24홀딩스,016450,Y,사업보고서 (2021.12),20220321001517,한세예스24홀딩스,20220321,연,2022
181,00164724,현대엘리베이터,017800,Y,사업보고서 (2021.12),20220321001512,현대엘리베이터,20220321,연,2022
182,00776820,영원무역,111770,Y,[첨부정정]사업보고서 (2021.12),20220321001505,영원무역,20220321,연,2022
183,00116949,DN오토모티브,007340,Y,사업보고서 (2021.12),20220321001500,DN오토모티브,20220321,연,2022
184,00125080,AK홀딩스,006840,Y,사업보고서 (2021.12),20220321001495,AK홀딩스,20220321,연,2022
185,00161860,한성기업,003680,Y,사업보고서 (2021.12),20220321001488,한성기업,20220321,,2022
186,00854997,에스디바이오센서,137310,Y,사업보고서 (2021.12),20220321001483,에스디바이오센서,20220321,연,2022
187,00595191,후성,093370,Y,사업보고서 (2021.12),20220321001474,후성,20220321,연,2022
188,00155124,평화홀딩스,010770,Y,사업보고서 (2021.12),20220321001469,평화홀딩스,20220321,연,2022
189,00117498,스틱인베스트먼트,026890,Y,사업보고서 (2021.12),20220321001468,스틱인베스트먼트,20220321,연,2022
190,00983271,엔에이치엔,181710,Y,사업보고서 (2021.12),20220321001453,엔에이치엔,20220321,연,2022
191,00573579,평화산업,090080,Y,사업보고서 (2021.12),20220321001445,평화산업,20220321,연,2022
192,00164636,HDC,012630,Y,사업보고서 (2021.12),20220321001432,HDC,20220321,연,2022
193,00904672,넷마블,251270,Y,사업보고서 (2021.12),20220321001426,넷마블,20220321,연,2022
194,01323032,케이카,381970,Y,사업보고서 (2021.12),20220321001421,케이카,20220321,,2022
195,00108135,녹십자홀딩스,005250,Y,사업보고서 (2021.12),20220321001417,녹십자홀딩스,20220321,연,2022
196,00300548,현대리바트,079430,Y,사업보고서 (2021.12),20220321001411,현대리바트,20220321,연,2022
197,00372882,KTcs,058850,Y,사업보고서 (2021.12),20220321001408,KTcs,20220321,연,2022
198,00140964,영원무역홀딩스,009970,Y,사업보고서 (2021.12),20220321001406,영원무역홀딩스,20220321,연,2022
199,01310269,HDC현대산업개발,294870,Y,사업보고서 (2021.12),20220321001372,HDC현대산업개발,20220321,연,2022
200,00117629,동양철관,008970,Y,사업보고서 (2021.12),20220321001370,동양철관,20220321,연,2022
201,00241005,코오롱플라스틱,138490,Y,사업보고서 (2021.12),20220321001369,코오롱플라스틱,20220321,연,2022
202,00225706,JW생명과학,234080,Y,사업보고서제출기한연장신고서 (2021.12),20220321001365,JW생명과학,20220321,,2022
203,00632304,JW홀딩스,096760,Y,사업보고서제출기한연장신고서 (2021.12),20220321001364,JW홀딩스,20220321,,2022
204,00101488,경동나비엔,009450,Y,사업보고서 (2021.12),20220321001363,경동나비엔,20220321,연,2022
205,00135050,팜젠사이언스,004720,Y,사업보고서 (2021.12),20220321001357,팜젠사이언스,20220321,연,2022
206,00148540,CJ,001040,Y,사업보고서 (2021.12),20220321001352,CJ,20220321,연,2022
207,00152880,코오롱글로벌,003070,Y,사업보고서 (2021.12),20220321001348,코오롱글로벌,20220321,연,2022
208,00149947,JW중외제약,001060,Y,사업보고서 (2021.12),20220321001347,JW중외제약,20220321,연,2022
209,00258801,카카오,035720,Y,사업보고서 (2021.12),20220321001331,카카오,20220321,연,2022
210,00129679,녹십자,006280,Y,사업보고서 (2021.12),20220321001318,녹십자,20220321,연,2022
211,01415892,제이알글로벌리츠,348950,Y,사업보고서 (2021.12),20220321001317,제이알글로벌리츠,20220321,연,2022
212,00956930,동아에스티,170900,Y,[기재정정]사업보고서 (2021.12),20220321001316,동아에스티,20220321,연,2022
214,00105952,LS,006260,Y,사업보고서 (2021.12),20220321001306,LS,20220321,연,2022
215,00119672,두올,016740,Y,사업보고서 (2021.12),20220321001298,두올,20220321,연,2022
216,00160843,DB하이텍,000990,Y,사업보고서 (2021.12),20220321001280,DB하이텍,20220321,연,2022
217,00112059,상상인증권,001290,Y,사업보고서 (2021.12),20220321001270,상상인증권,20220321,연,2022
218,00372873,KTis,058860,Y,사업보고서 (2021.12),20220321001238,KTis,20220321,,2022
219,00120021,LG,003550,Y,사업보고서 (2021.12),20220321001237,LG,20220321,연,2022
220,00151368,인터지스,129260,Y,사업보고서 (2021.12),20220321001232,인터지스,20220321,연,2022
221,01412725,두산퓨얼셀,336260,Y,사업보고서 (2021.12),20220321001227,두산퓨얼셀,20220321,,2022
222,00105280,현대지에프홀딩스,005440,Y,사업보고서 (2021.12),20220321001221,현대지에프홀딩스,20220321,연,2022
223,00166315,화신,010690,Y,사업보고서 (2021.12),20220321001215,화신,20220321,연,2022
224,00173078,명신산업,009900,Y,사업보고서 (2021.12),20220321001206,명신산업,20220321,연,2022
225,00117230,TYM,002900,Y,사업보고서 (2021.12),20220321001204,TYM,20220321,연,2022
226,00122825,인스코비,006490,Y,사업보고서 (2021.12),20220321001203,인스코비,20220321,연,2022
227,00357360,한세엠케이,069640,Y,사업보고서 (2021.12),20220321001199,한세엠케이,20220321,연,2022
228,00303873,CJ CGV,079160,Y,사업보고서 (2021.12),20220321001182,CJ CGV,20220321,연,2022
229,00103510,인지컨트롤스,023800,Y,사업보고서 (2021.12),20220321001159,인지컨트롤스,20220321,연,2022
230,00160205,한국내화,010040,Y,사업보고서 (2021.12),20220321001149,한국내화,20220321,연,2022
231,00164645,HMM,011200,Y,사업보고서 (2021.12),20220321001124,HMM,20220321,연,2022
232,00635134,CJ제일제당,097950,Y,사업보고서 (2021.12),20220321001115,CJ제일제당,20220321,연,2022
233,00753643,컨버즈,109070,Y,사업보고서 (2021.12),20220321001098,컨버즈,20220321,연,2022
234,00148920,조광페인트,004910,Y,사업보고서 (2021.12),20220321001064,조광페인트,20220321,연,2022
235,01263022,BGF리테일,282330,Y,사업보고서 (2021.12),20220321001041,BGF리테일,20220321,연,2022
236,00159218,한전KPS,051600,Y,사업보고서 (2021.12),20220321001022,한전KPS,20220321,연,2022
237,00244455,케이티앤지,033780,Y,사업보고서 (2021.12),20220321001014,케이티앤지,20220321,연,2022
238,00174004,유성기업,002920,Y,사업보고서 (2021.12),20220321001007,유성기업,20220321,연,2022
239,00137207,유니켐,011330,Y,사업보고서 (2021.12),20220321001005,유니켐,20220321,연,2022
240,00111810,대웅,003090,Y,사업보고서 (2021.12),20220321000991,대웅,20220321,연,2022
241,00145446,이건산업,008250,Y,사업보고서 (2021.12),20220321000977,이건산업,20220321,연,2022
242,00105101,예스코홀딩스,015360,Y,사업보고서 (2021.12),20220321000968,예스코홀딩스,20220321,연,2022
243,01532603,화승알앤에이,378850,Y,사업보고서 (2021.12),20220321000964,화승알앤에이,20220321,연,2022
244,00661847,화인베스틸,133820,Y,사업보고서 (2021.12),20220321000940,화인베스틸,20220321,,2022
245,00209780,케이씨,029460,Y,사업보고서 (2021.12),20220321000938,케이씨,20220321,연,2022
246,01032413,해성디에스,195870,Y,사업보고서 (2021.12),20220321000936,해성디에스,20220321,연,2022
247,00138260,SIMPAC,009160,Y,사업보고서 (2021.12),20220321000935,SIMPAC,20220321,연,2022
248,00427483,대웅제약,069620,Y,사업보고서 (2021.12),20220321000922,대웅제약,20220321,연,2022
249,01159233,솔루엠,248070,Y,사업보고서 (2021.12),20220321000896,솔루엠,20220321,연,2022
250,00162993,한일홀딩스,003300,Y,사업보고서 (2021.12),20220321000887,한일홀딩스,20220321,연,2022
251,00122898,벽산,007210,Y,사업보고서 (2021.12),20220321000885,벽산,20220321,연,2022
252,00159209,한전기술,052690,Y,사업보고서 (2021.12),20220321000881,한전기술,20220321,연,2022
253,00100939,강남제비스코,000860,Y,사업보고서 (2021.12),20220321000879,강남제비스코,20220321,연,2022
254,00652423,인바이오젠,101140,Y,사업보고서 (2021.12),20220321000875,인바이오젠,20220321,,2022
255,00877059,삼성바이오로직스,207940,Y,사업보고서 (2021.12),20220321000862,삼성바이오로직스,20220321,연,2022
256,01562589,LX홀딩스,383800,Y,사업보고서 (2021.12),20220321000852,LX홀딩스,20220321,,2022
257,00855093,선진,136490,Y,사업보고서 (2021.12),20220321000850,선진,20220321,연,2022
258,00122737,팬오션,028670,Y,사업보고서 (2021.12),20220321000845,팬오션,20220321,연,2022
259,00219097,BGF,027410,Y,사업보고서 (2021.12),20220321000840,BGF,20220321,연,2022
260,00129013,CJ씨푸드,011150,Y,사업보고서 (2021.12),20220321000834,CJ씨푸드,20220321,,2022
261,00137809,SHD,001770,Y,사업보고서 (2021.12),20220321000833,SHD,20220321,,2022
262,01133217,카카오뱅크,323410,Y,사업보고서 (2021.12),20220321000832,카카오뱅크,20220321,,2022
263,00173698,신일전자,002700,Y,사업보고서 (2021.12),20220321000808,신일전자,20220321,,2022
264,01010110,더블유게임즈,192080,Y,사업보고서 (2021.12),20220321000798,더블유게임즈,20220321,연,2022
265,00125743,현대비앤지스틸,004560,Y,사업보고서 (2021.12),20220321000797,현대비앤지스틸,20220321,연,2022
266,00141413,영화금속,012280,Y,사업보고서 (2021.12),20220321000789,영화금속,20220321,,2022
267,00173795,신흥,004080,Y,사업보고서 (2021.12),20220321000785,신흥,20220321,연,2022
268,00103130,플레이그램,009810,Y,사업보고서 (2021.12),20220321000756,플레이그램,20220321,연,2022
269,01261893,케이씨텍,281820,Y,사업보고서 (2021.12),20220321000733,케이씨텍,20220321,,2022
270,00106641,기아,000270,Y,사업보고서 (2021.12),20220321000650,기아,20220321,연,2022
271,00124540,대우건설,047040,Y,사업보고서 (2021.12),20220321000645,대우건설,20220321,연,2022
272,00145260,율촌화학,008730,Y,사업보고서 (2021.12),20220321000632,율촌화학,20220321,연,2022
273,00218575,황금에스티,032560,Y,사업보고서 (2021.12),20220321000623,황금에스티,20220321,연,2022
274,00141477,영흥,012160,Y,사업보고서 (2021.12),20220321000602,영흥,20220321,연,2022
275,00274933,신세계푸드,031440,Y,사업보고서 (2021.12),20220321000592,신세계푸드,20220321,연,2022
276,00167192,넥센,005720,Y,사업보고서 (2021.12),20220321000535,넥센,20220321,연,2022
277,00151298,DSR제강,069730,Y,사업보고서 (2021.12),20220321000461,DSR제강,20220321,,2022
278,00152729,광전자,017900,Y,사업보고서 (2021.12),20220321000459,광전자,20220321,연,2022
279,01262458,동아타이어,282690,Y,사업보고서 (2021.12),20220321000425,동아타이어,20220321,연,2022
280,00143527,경동인베스트,012320,Y,사업보고서 (2021.12),20220321000391,경동인베스트,20220321,연,2022
281,00121288,모나미,005360,Y,사업보고서 (2021.12),20220321000384,모나미,20220321,연,2022
282,00557508,GKL,114090,Y,사업보고서 (2021.12),20220321000040,GKL,20220321,연,2022
283,00500254,GS,078930,Y,사업보고서 (2021.12),20220318001135,GS,20220318,연,2022
284,00124780,사조씨푸드,014710,Y,[기재정정]사업보고서 (2021.12),20220318001114,사조씨푸드,20220318,,2022
285,01267170,SK케미칼,285130,Y,사업보고서 (2021.12),20220318001113,SK케미칼,20220318,연,2022
289,00204208,마니커,027740,Y,사업보고서 (2021.12),20220318001071,마니커,20220318,연,2022
290,01199550,HD현대에너지솔루션,322000,Y,[기재정정]사업보고서 (2021.12),20220318001065,HD현대에너지솔루션,20220318,연,2022
291,00129642,상신브레이크,041650,Y,[첨부정정]사업보고서 (2021.12),20220318001064,상신브레이크,20220318,연,2022
292,00305668,새론오토모티브,075180,Y,사업보고서 (2021.12),20220318001063,새론오토모티브,20220318,연,2022
293,00113997,롯데에너지머티리얼즈,020150,Y,사업보고서 (2021.12),20220318001055,롯데에너지머티리얼즈,20220318,연,2022
294,00124090,한국특강,007280,Y,사업보고서 (2021.12),20220318001034,한국특강,20220318,,2022
295,00148522,퍼스텍,010820,Y,사업보고서 (2021.12),20220318000974,퍼스텍,20220318,,2022
296,00105855,엘에스일렉트릭,010120,Y,사업보고서 (2021.12),20220318000964,엘에스일렉트릭,20220318,연,2022
297,00122694,범양건영,002410,Y,사업보고서 (2021.12),20220318000963,범양건영,20220318,연,2022
298,00173874,넥센타이어,002350,Y,사업보고서 (2021.12),20220318000955,넥센타이어,20220318,연,2022
299,00113410,CJ대한통운,000120,Y,사업보고서 (2021.12),20220318000927,CJ대한통운,20220318,연,2022
300,00428251,현대백화점,069960,Y,사업보고서 (2021.12),20220318000922,현대백화점,20220318,연,2022
301,00152686,코리아써키트,007810,Y,사업보고서 (2021.12),20220318000919,코리아써키트,20220318,연,2022
302,01319808,한일시멘트,300720,Y,사업보고서 (2021.12),20220318000879,한일시멘트,20220318,연,2022
303,00797364,KC코트렐,119650,Y,사업보고서 (2021.12),20220318000863,KC코트렐,20220318,연,2022
304,01244601,카카오페이,377300,Y,사업보고서 (2021.12),20220318000860,카카오페이,20220318,연,2022
305,00299002,HL홀딩스,060980,Y,사업보고서 (2021.12),20220318000844,HL홀딩스,20220318,연,2022
306,00153621,참엔지니어링,009310,Y,사업보고서 (2021.12),20220318000816,참엔지니어링,20220318,연,2022
307,00164672,한일현대시멘트,006390,Y,사업보고서 (2021.12),20220318000803,한일현대시멘트,20220318,,2022
308,00102432,계룡건설산업,013580,Y,사업보고서 (2021.12),20220318000802,계룡건설산업,20220318,연,2022
309,00121543,무학,033920,Y,사업보고서 (2021.12),20220318000779,무학,20220318,연,2022
310,01535257,엔에이치스팩19호,380440,Y,사업보고서 (2021.12),20220318000727,엔에이치스팩19호,20220318,,2022
311,00787376,대성에너지,117580,Y,사업보고서 (2021.12),20220318000681,대성에너지,20220318,연,2022
312,00114093,덕성,004830,Y,사업보고서 (2021.12),20220318000680,덕성,20220318,연,2022
313,00116824,동아쏘시오홀딩스,000640,Y,사업보고서 (2021.12),20220318000656,동아쏘시오홀딩스,20220318,연,2022
314,00141404,영풍제지,006740,Y,사업보고서 (2021.12),20220318000643,영풍제지,20220318,연,2022
315,00104786,미래아이앤지,007120,Y,사업보고서 (2021.12),20220318000627,미래아이앤지,20220318,,2022
316,00112165,디아이씨,092200,Y,[기재정정]사업보고서 (2021.12),20220318000617,디아이씨,20220318,연,2022
317,00137368,신풍,002870,Y,사업보고서 (2021.12),20220318000615,신풍,20220318,연,2022
318,00593032,LF,093050,Y,사업보고서 (2021.12),20220318000553,LF,20220318,연,2022
319,00146232,일성건설,013360,Y,사업보고서 (2021.12),20220318000548,일성건설,20220318,연,2022
320,00117027,알루코,001780,Y,사업보고서 (2021.12),20220318000527,알루코,20220318,연,2022
321,01386916,SK아이이테크놀로지,361610,Y,사업보고서 (2021.12),20220318000473,SK아이이테크놀로지,20220318,연,2022
322,01128613,화승엔터프라이즈,241590,Y,사업보고서 (2021.12),20220318000356,화승엔터프라이즈,20220318,연,2022
323,00201450,SK렌터카,068400,Y,사업보고서 (2021.12),20220318000329,SK렌터카,20220318,연,2022
324,00855163,미원화학,134380,Y,사업보고서 (2021.12),20220318000262,미원화학,20220318,,2022
325,00503668,LIG넥스원,079550,Y,[기재정정]사업보고서 (2021.12),20220318000255,LIG넥스원,20220318,연,2022
326,00141149,영진약품,003520,Y,[기재정정]사업보고서 (2021.12),20220318000145,영진약품,20220318,,2022
327,00160621,한국화장품제조,003350,Y,[기재정정]사업보고서 (2021.12),20220318000130,한국화장품제조,20220318,,2022
328,00210856,코아스,071950,Y,사업보고서 (2021.12),20220318000115,코아스,20220318,연,2022
329,00149239,조일알미늄,018470,Y,[기재정정]사업보고서 (2021.12),20220318000042,조일알미늄,20220318,,2022
330,00149354,종근당홀딩스,001630,Y,사업보고서 (2021.12),20220317001328,종근당홀딩스,20220317,연,2022
331,00115977,아이에스동서,010780,Y,사업보고서 (2021.12),20220317001305,아이에스동서,20220317,연,2022
332,00362441,현대오토에버,307950,Y,사업보고서 (2021.12),20220317001288,현대오토에버,20220317,연,2022
333,00155531,풍산홀딩스,005810,Y,사업보고서 (2021.12),20220317001273,풍산홀딩스,20220317,연,2022
334,00683469,일진전기,103590,Y,사업보고서 (2021.12),20220317001272,일진전기,20220317,연,2022
335,00125530,SPC삼립,005610,Y,사업보고서 (2021.12),20220317001271,SPC삼립,20220317,연,2022
336,00628189,웅진씽크빅,095720,Y,사업보고서 (2021.12),20220317001265,웅진씽크빅,20220317,연,2022
337,00138057,써니전자,004770,Y,사업보고서 (2021.12),20220317001263,써니전자,20220317,연,2022
338,00122579,BYC,001460,Y,사업보고서 (2021.12),20220317001262,BYC,20220317,연,2022
339,00171636,한솔홀딩스,004150,Y,[기재정정]사업보고서 (2021.12),20220317001261,한솔홀딩스,20220317,연,2022
340,00128555,삼천리,004690,Y,사업보고서 (2021.12),20220317001251,삼천리,20220317,연,2022
341,00103006,고려제강,002240,Y,사업보고서 (2021.12),20220317001248,고려제강,20220317,연,2022
342,00109754,대림비앤코,005750,Y,사업보고서 (2021.12),20220317001239,대림비앤코,20220317,연,2022
343,00587466,KPX홀딩스,092230,Y,사업보고서 (2021.12),20220317001234,KPX홀딩스,20220317,연,2022
344,00109286,대동,000490,Y,사업보고서 (2021.12),20220317001231,대동,20220317,연,2022
345,00161116,HL D&I,014790,Y,사업보고서 (2021.12),20220317001226,HL D&I,20220317,연,2022
346,00140177,GS리테일,007070,Y,사업보고서 (2021.12),20220317001215,GS리테일,20220317,연,2022
347,00105271,케이씨씨,002380,Y,사업보고서 (2021.12),20220317001213,케이씨씨,20220317,연,2022
348,00115287,동방,004140,Y,사업보고서 (2021.12),20220317001208,동방,20220317,연,2022
349,00539274,대상홀딩스,084690,Y,사업보고서 (2021.12),20220317001203,대상홀딩스,20220317,연,2022
350,00120562,롯데지주,004990,Y,사업보고서 (2021.12),20220317001201,롯데지주,20220317,연,2022
351,00153393,태광산업,003240,Y,사업보고서 (2021.12),20220317001199,태광산업,20220317,연,2022
352,00161709,퍼시스,016800,Y,사업보고서 (2021.12),20220317001198,퍼시스,20220317,,2022
353,00684714,풍산,103140,Y,사업보고서 (2021.12),20220317001197,풍산,20220317,연,2022
354,00109189,대덕,008060,Y,사업보고서 (2021.12),20220317001186,대덕,20220317,연,2022
355,00858364,BNK금융지주,138930,Y,사업보고서 (2021.12),20220317001180,BNK금융지주,20220317,연,2022
356,00146649,일진홀딩스,015860,Y,사업보고서 (2021.12),20220317001173,일진홀딩스,20220317,연,2022
357,00146296,일신석재,007110,Y,사업보고서 (2021.12),20220317001166,일신석재,20220317,,2022
358,00103176,흥국화재,000540,Y,사업보고서 (2021.12),20220317001158,흥국화재,20220317,,2022
359,01568413,F&F,383220,Y,사업보고서 (2021.12),20220317001143,F&F,20220317,연,2022
360,00111999,대원제약,003220,Y,사업보고서 (2021.12),20220317001141,대원제약,20220317,연,2022
361,00144252,유니온,000910,Y,사업보고서 (2021.12),20220317001135,유니온,20220317,연,2022
362,00120030,GS건설,006360,Y,사업보고서 (2021.12),20220317001128,GS건설,20220317,연,2022
363,00992871,종근당,185750,Y,사업보고서 (2021.12),20220317001126,종근당,20220317,연,2022
364,01350869,우리금융지주,316140,Y,사업보고서 (2021.12),20220317001124,우리금융지주,20220317,연,2022
365,00878915,DGB금융지주,139130,Y,사업보고서 (2021.12),20220317001101,DGB금융지주,20220317,연,2022
366,00140168,지투알,035000,Y,사업보고서 (2021.12),20220317001091,지투알,20220317,연,2022
367,00153524,태림포장,011280,Y,사업보고서 (2021.12),20220317001089,태림포장,20220317,연,2022
368,00828789,대성산업,128820,Y,사업보고서 (2021.12),20220317001086,대성산업,20220317,연,2022
369,00129271,삼화전기,009470,Y,사업보고서 (2021.12),20220317001080,삼화전기,20220317,연,2022
370,00106881,인디에프,014990,Y,사업보고서 (2021.12),20220317001075,인디에프,20220317,연,2022
371,00159500,한국종합기술,023350,Y,사업보고서 (2021.12),20220317001068,한국종합기술,20220317,,2022
372,00130772,SBS,034120,Y,사업보고서 (2021.12),20220317001064,SBS,20220317,연,2022
373,00113243,대한제분,001130,Y,사업보고서 (2021.12),20220317001052,대한제분,20220317,연,2022
374,00146083,일동홀딩스,000230,Y,사업보고서 (2021.12),20220317001050,일동홀딩스,20220317,연,2022
375,00163114,서연,007860,Y,사업보고서 (2021.12),20220317001041,서연,20220317,연,2022
376,00939331,한국콜마,161890,Y,사업보고서 (2021.12),20220317001031,한국콜마,20220317,연,2022
377,00123143,보령,003850,Y,사업보고서 (2021.12),20220317001028,보령,20220317,연,2022
378,01036446,서연이화,200880,Y,사업보고서 (2021.12),20220317001027,서연이화,20220317,연,2022
379,00547583,하나금융지주,086790,Y,사업보고서 (2021.12),20220317001011,하나금융지주,20220317,연,2022
380,00126201,삼성공조,006660,Y,사업보고서 (2021.12),20220317001008,삼성공조,20220317,연,2022
381,00269940,하나투어,039130,Y,사업보고서 (2021.12),20220317001007,하나투어,20220317,연,2022
382,00426086,티케이지휴켐스,069260,Y,사업보고서 (2021.12),20220317001002,티케이지휴켐스,20220317,연,2022
383,00269241,주연테크,044380,Y,사업보고서 (2021.12),20220317000997,주연테크,20220317,연,2022
384,00191472,KPX케미칼,025000,Y,사업보고서 (2021.12),20220317000976,KPX케미칼,20220317,연,2022
385,00106669,세아베스틸지주,001430,Y,사업보고서 (2021.12),20220317000967,세아베스틸지주,20220317,연,2022
386,01168383,일동제약,249420,Y,사업보고서 (2021.12),20220317000965,일동제약,20220317,연,2022
387,00129280,삼화전자공업,011230,Y,사업보고서 (2021.12),20220317000960,삼화전자공업,20220317,연,2022
388,00231372,롯데관광개발,032350,Y,사업보고서 (2021.12),20220317000948,롯데관광개발,20220317,연,2022
389,00117601,유안타증권,003470,Y,사업보고서 (2021.12),20220317000941,유안타증권,20220317,연,2022
390,00118345,디아이동일,001530,Y,사업보고서 (2021.12),20220317000939,디아이동일,20220317,연,2022
391,00131692,서흥,008490,Y,사업보고서 (2021.12),20220317000935,서흥,20220317,연,2022
392,00159102,DB손해보험,005830,Y,사업보고서 (2021.12),20220317000925,DB손해보험,20220317,연,2022
393,00129509,한익스프레스,014130,Y,사업보고서 (2021.12),20220317000917,한익스프레스,20220317,연,2022
394,00105299,금강공업,014280,Y,사업보고서 (2021.12),20220317000899,금강공업,20220317,연,2022
395,00159740,KISCO홀딩스,001940,Y,사업보고서 (2021.12),20220317000898,KISCO홀딩스,20220317,연,2022
396,00128412,삼진제약,005500,Y,사업보고서 (2021.12),20220317000889,삼진제약,20220317,,2022
397,00422895,세이브존I&C,067830,Y,사업보고서 (2021.12),20220317000879,세이브존I&C,20220317,,2022
398,00140131,키다리스튜디오,020120,Y,사업보고서 (2021.12),20220317000876,키다리스튜디오,20220317,연,2022
399,00157070,한국단자공업,025540,Y,사업보고서 (2021.12),20220317000875,한국단자공업,20220317,연,2022
400,00123772,부국증권,001270,Y,사업보고서 (2021.12),20220317000866,부국증권,20220317,연,2022
401,00129350,삼화콘덴서공업,001820,Y,사업보고서 (2021.12),20220317000863,삼화콘덴서공업,20220317,연,2022
402,00120571,롯데칠성음료,005300,Y,[기재정정]사업보고서 (2021.12),20220317000852,롯데칠성음료,20220317,연,2022
403,00972503,일진하이솔루스,271940,Y,사업보고서 (2021.12),20220317000848,일진하이솔루스,20220317,,2022
404,00158149,한국쉘석유,002960,Y,사업보고서 (2021.12),20220317000845,한국쉘석유,20220317,,2022
405,00113225,대한제강,084010,Y,사업보고서 (2021.12),20220317000844,대한제강,20220317,연,2022
406,00146214,일성신약,003120,Y,사업보고서 (2021.12),20220317000838,일성신약,20220317,,2022
407,00203290,한국콜마홀딩스,024720,Y,사업보고서 (2021.12),20220317000793,한국콜마홀딩스,20220317,연,2022
408,00159573,한국주철관공업,000970,Y,사업보고서 (2021.12),20220317000790,한국주철관공업,20220317,연,2022
409,00165583,E1,017940,Y,사업보고서 (2021.12),20220317000782,E1,20220317,연,2022
410,00852087,시디즈,134790,Y,사업보고서 (2021.12),20220317000781,시디즈,20220317,,2022
411,00103592,광동제약,009290,Y,사업보고서 (2021.12),20220317000780,광동제약,20220317,연,2022
412,00150244,하이트진로,000080,Y,사업보고서 (2021.12),20220317000772,하이트진로,20220317,연,2022
413,00118044,동원수산,030720,Y,사업보고서 (2021.12),20220317000755,동원수산,20220317,연,2022
414,00113234,대한제당,001790,Y,사업보고서 (2021.12),20220317000728,대한제당,20220317,연,2022
415,00113508,노루홀딩스,000320,Y,사업보고서 (2021.12),20220317000717,노루홀딩스,20220317,연,2022
416,00148993,하이트진로홀딩스,000140,Y,사업보고서 (2021.12),20220317000713,하이트진로홀딩스,20220317,연,2022
417,00583442,노루페인트,090350,Y,사업보고서 (2021.12),20220317000703,노루페인트,20220317,연,2022
418,00138190,GS글로벌,001250,Y,사업보고서 (2021.12),20220317000701,GS글로벌,20220317,연,2022
419,01596425,SK스퀘어,402340,Y,사업보고서 (2021.12),20220317000691,SK스퀘어,20220317,연,2022
420,00124027,부산산업,011390,Y,사업보고서 (2021.12),20220317000676,부산산업,20220317,연,2022
421,00432102,한국금융지주,071050,Y,사업보고서 (2021.12),20220317000665,한국금융지주,20220317,연,2022
422,00123107,보락,002760,Y,사업보고서 (2021.12),20220317000649,보락,20220317,,2022
423,00102751,고려산업,002140,Y,사업보고서 (2021.12),20220317000641,고려산업,20220317,연,2022
424,00157991,한국석유공업,004090,Y,사업보고서 (2021.12),20220317000638,한국석유공업,20220317,연,2022
425,00127167,삼영무역,002810,Y,사업보고서 (2021.12),20220317000637,삼영무역,20220317,연,2022
426,00144395,동서,026960,Y,사업보고서 (2021.12),20220317000623,동서,20220317,연,2022
427,00153339,태경산업,015890,Y,사업보고서 (2021.12),20220317000620,태경산업,20220317,연,2022
428,00540605,이월드,084680,Y,사업보고서 (2021.12),20220317000602,이월드,20220317,,2022
429,00108977,대구백화점,006370,Y,사업보고서 (2021.12),20220317000591,대구백화점,20220317,연,2022
430,00365989,용평리조트,070960,Y,사업보고서 (2021.12),20220317000556,용평리조트,20220317,연,2022
431,01208885,경동도시가스,267290,Y,사업보고서 (2021.12),20220317000553,경동도시가스,20220317,연,2022
432,00103042,케이씨티시,009070,Y,사업보고서 (2021.12),20220317000546,케이씨티시,20220317,연,2022
434,00138516,아남전자,008700,Y,사업보고서 (2021.12),20220317000536,아남전자,20220317,연,2022
435,00154055,태원물산,001420,Y,사업보고서 (2021.12),20220317000490,태원물산,20220317,,2022
436,00113614,대현,016090,Y,사업보고서 (2021.12),20220317000488,대현,20220317,,2022
437,00108241,농심,004370,Y,사업보고서 (2021.12),20220317000469,농심,20220317,연,2022
438,00115384,동방아그로,007590,Y,사업보고서 (2021.12),20220317000463,동방아그로,20220317,연,2022
439,00141529,오뚜기,007310,Y,사업보고서 (2021.12),20220317000455,오뚜기,20220317,연,2022
440,00160232,KSS해운,044450,Y,사업보고서 (2021.12),20220317000405,KSS해운,20220317,연,2022
441,00136624,신영와코루,005800,Y,사업보고서 (2021.12),20220317000404,신영와코루,20220317,연,2022
442,00129235,삼화왕관,004450,Y,사업보고서 (2021.12),20220317000402,삼화왕관,20220317,연,2022
443,00104722,국제약품,002720,Y,사업보고서 (2021.12),20220317000400,국제약품,20220317,연,2022
444,00633835,HJ중공업,097230,Y,사업보고서 (2021.12),20220317000382,HJ중공업,20220317,연,2022
445,00123781,부국철강,026940,Y,사업보고서 (2021.12),20220317000378,부국철강,20220317,,2022
446,00414601,유니퀘스트,077500,Y,사업보고서 (2021.12),20220317000373,유니퀘스트,20220317,연,2022
447,00145686,이화산업,000760,Y,사업보고서 (2021.12),20220317000371,이화산업,20220317,연,2022
448,00142865,WISCOM,024070,Y,사업보고서 (2021.12),20220317000365,WISCOM,20220317,연,2022
449,00160418,한국무브넥스,010100,Y,사업보고서 (2021.12),20220317000361,한국무브넥스,20220317,연,2022
450,00146454,일양약품,007570,Y,사업보고서 (2021.12),20220317000353,일양약품,20220317,연,2022
451,00160861,한농화성,011500,Y,사업보고서 (2021.12),20220317000292,한농화성,20220317,,2022
452,00111847,대원강업,000430,Y,사업보고서 (2021.12),20220317000256,대원강업,20220317,연,2022
453,00390055,종근당바이오,063160,Y,사업보고서 (2021.12),20220317000204,종근당바이오,20220317,연,2022
454,00260392,대원전선,006340,Y,사업보고서 (2021.12),20220317000144,대원전선,20220317,연,2022
455,00102140,경인전자,009140,Y,사업보고서 (2021.12),20220317000142,경인전자,20220317,연,2022
456,00147222,전방,000950,Y,사업보고서 (2021.12),20220317000094,전방,20220317,연,2022
457,00107987,남해화학,025860,Y,사업보고서 (2021.12),20220317000080,남해화학,20220317,연,2022
458,00139454,애경산업,018250,Y,사업보고서 (2021.12),20220317000002,애경산업,20220317,연,2022
459,00113058,한화생명,088350,Y,[기재정정]사업보고서 (2021.12),20220316001424,한화생명,20220316,연,2022
460,00117577,오리온홀딩스,001800,Y,사업보고서 (2021.12),20220316001417,오리온홀딩스,20220316,,2022
461,00130684,서울도시가스,017390,Y,사업보고서 (2021.12),20220316001413,서울도시가스,20220316,연,2022
462,00161426,한미사이언스,008930,Y,사업보고서 (2021.12),20220316001401,한미사이언스,20220316,연,2022
463,00828497,한미약품,128940,Y,사업보고서 (2021.12),20220316001397,한미약품,20220316,연,2022
464,00111111,대양금속,009190,Y,사업보고서 (2021.12),20220316001358,대양금속,20220316,,2022
465,01478712,대덕전자,353200,Y,사업보고서 (2021.12),20220316001352,대덕전자,20220316,연,2022
466,00124799,사조산업,007160,Y,사업보고서 (2021.12),20220316001349,사조산업,20220316,연,2022
467,00139764,에넥스,011090,Y,사업보고서 (2021.12),20220316001347,에넥스,20220316,연,2022
468,00759513,LX하우시스,108670,Y,사업보고서 (2021.12),20220316001343,LX하우시스,20220316,연,2022
469,01319899,SK바이오사이언스,302440,Y,사업보고서 (2021.12),20220316001334,SK바이오사이언스,20220316,,2022
470,01524093,DL이앤씨,375500,Y,사업보고서 (2021.12),20220316001326,DL이앤씨,20220316,연,2022
471,00149646,기업은행,024110,Y,사업보고서 (2021.12),20220316001255,기업은행,20220316,연,2022
472,00144164,SK가스,018670,Y,사업보고서 (2021.12),20220316001245,SK가스,20220316,연,2022
473,00115676,KG스틸,016380,Y,사업보고서 (2021.12),20220316001244,KG스틸,20220316,연,2022
474,01093007,LS전선아시아,229640,Y,사업보고서 (2021.12),20220316001242,LS전선아시아,20220316,연,2022
475,00115694,DB금융투자,016610,Y,사업보고서 (2021.12),20220316001241,DB금융투자,20220316,연,2022
476,00369833,유니온머티리얼,047400,Y,사업보고서 (2021.12),20220316001172,유니온머티리얼,20220316,연,2022
477,01042775,HL만도,204320,Y,사업보고서 (2021.12),20220316001163,HL만도,20220316,연,2022
478,00357935,HDC현대EP,089470,Y,사업보고서 (2021.12),20220316001149,HDC현대EP,20220316,연,2022
479,01035289,모두투어리츠,204210,Y,사업보고서 (2021.12),20220316001090,모두투어리츠,20220316,,2022
480,00161046,한독,002390,Y,사업보고서 (2021.12),20220316001089,한독,20220316,연,2022
481,00164742,현대자동차,005380,Y,사업보고서 (2021.12),20220316001052,현대자동차,20220316,연,2022
482,00131850,SK증권,001510,Y,사업보고서 (2021.12),20220316001039,SK증권,20220316,연,2022
483,00165413,롯데케미칼,011170,Y,사업보고서 (2021.12),20220316001034,롯데케미칼,20220316,연,2022
484,00111722,미래에셋증권,006800,Y,사업보고서 (2021.12),20220316001023,미래에셋증권,20220316,연,2022
485,00108746,큐로,015590,Y,사업보고서 (2021.12),20220316000975,큐로,20220316,,2022
486,00120076,LX인터내셔널,001120,Y,사업보고서 (2021.12),20220316000964,LX인터내셔널,20220316,연,2022
487,00158112,한국수출포장공업,002200,Y,사업보고서 (2021.12),20220316000914,한국수출포장공업,20220316,연,2022
488,00156859,다올투자증권,030210,Y,사업보고서 (2021.12),20220316000897,다올투자증권,20220316,연,2022
489,00249247,YG PLUS,037270,Y,사업보고서 (2021.12),20220316000889,YG PLUS,20220316,연,2022
490,00401731,LG전자,066570,Y,[기재정정]사업보고서 (2021.12),20220316000886,LG전자,20220316,연,2022
491,00217947,신세계건설,034300,Y,사업보고서 (2021.12),20220316000875,신세계건설,20220316,,2022
492,00154462,아모레퍼시픽그룹,002790,Y,사업보고서 (2021.12),20220316000873,아모레퍼시픽그룹,20220316,연,2022
493,00121534,MH에탄올,023150,Y,사업보고서 (2021.12),20220316000865,MH에탄올,20220316,연,2022
494,00118266,DRB동일,004840,Y,사업보고서 (2021.12),20220316000864,DRB동일,20220316,연,2022
495,00362238,휴비스,079980,Y,사업보고서 (2021.12),20220316000822,휴비스,20220316,연,2022
496,00131054,유진증권,001200,Y,사업보고서 (2021.12),20220316000791,유진증권,20220316,연,2022
497,00177199,디씨엠,024090,Y,사업보고서 (2021.12),20220316000782,디씨엠,20220316,,2022
498,00583424,아모레퍼시픽,090430,Y,사업보고서 (2021.12),20220316000772,아모레퍼시픽,20220316,연,2022
499,00382199,신한지주,055550,Y,사업보고서 (2021.12),20220316000748,신한지주,20220316,연,2022
500,00361008,HSD엔진,082740,Y,사업보고서 (2021.12),20220316000731,HSD엔진,20220316,연,2022
501,00166500,화천기계,010660,Y,사업보고서 (2021.12),20220316000724,화천기계,20220316,,2022
502,00137252,사조동아원,008040,Y,사업보고서 (2021.12),20220316000709,사조동아원,20220316,연,2022
503,00150633,지누스,013890,Y,사업보고서 (2021.12),20220316000699,지누스,20220316,연,2022
504,00136378,신세계,004170,Y,사업보고서 (2021.12),20220316000691,신세계,20220316,연,2022
505,00145464,이구산업,025820,Y,사업보고서 (2021.12),20220316000677,이구산업,20220316,,2022
506,00486705,아주스틸,139990,Y,사업보고서 (2021.12),20220316000673,아주스틸,20220316,연,2022
507,00428729,대호에이엘,069460,Y,사업보고서 (2021.12),20220316000652,대호에이엘,20220316,,2022
508,00404701,한국자산신탁,123890,Y,사업보고서 (2021.12),20220316000635,한국자산신탁,20220316,연,2022
509,00166519,화천기공,000850,Y,사업보고서 (2021.12),20220316000620,화천기공,20220316,연,2022
510,00104102,우리종금,010050,Y,사업보고서 (2021.12),20220316000618,우리종금,20220316,연,2022
511,00508274,일진다이아,081000,Y,사업보고서 (2021.12),20220316000616,일진다이아,20220316,연,2022
512,00163761,한창제지,009460,Y,사업보고서 (2021.12),20220316000600,한창제지,20220316,,2022
513,00117179,디와이,013570,Y,사업보고서 (2021.12),20220316000565,디와이,20220316,연,2022
514,00101664,경보제약,214390,Y,사업보고서 (2021.12),20220316000564,경보제약,20220316,,2022
515,01059605,디와이파워,210540,Y,사업보고서 (2021.12),20220316000560,디와이파워,20220316,연,2022
516,00128032,삼일제약,000520,Y,사업보고서 (2021.12),20220316000554,삼일제약,20220316,연,2022
517,00233653,한국토지신탁,034830,Y,사업보고서 (2021.12),20220316000546,한국토지신탁,20220316,연,2022
518,00133511,SG세계물산,004060,Y,사업보고서 (2021.12),20220316000435,SG세계물산,20220316,연,2022
519,00585219,세원이앤씨,091090,Y,사업보고서 (2021.12),20220316000412,세원이앤씨,20220316,연,2022
520,00122472,백광산업,001340,Y,사업보고서 (2021.12),20220316000411,백광산업,20220316,연,2022
521,00878696,에스케이바이오팜,326030,Y,사업보고서 (2021.12),20220316000396,에스케이바이오팜,20220316,연,2022
522,00129387,삼화페인트공업,000390,Y,사업보고서 (2021.12),20220316000363,삼화페인트공업,20220316,연,2022
523,00767460,PI첨단소재,178920,Y,사업보고서 (2021.12),20220316000360,PI첨단소재,20220316,,2022
524,00148610,한화투자증권,003530,Y,[첨부추가]사업보고서 (2021.12),20220315001273,한화투자증권,20220315,연,2022
525,00162416,한양증권,001750,Y,사업보고서 (2021.12),20220315001266,한양증권,20220315,,2022
526,00128971,DL건설,001880,Y,[첨부정정]사업보고서 (2021.12),20220315001257,DL건설,20220315,,2022
527,00178754,동아지질,028100,Y,사업보고서 (2021.12),20220315001251,동아지질,20220315,연,2022
528,00106623,현대위아,011210,Y,사업보고서 (2021.12),20220315001247,현대위아,20220315,연,2022
529,01060744,한솔제지,213500,Y,사업보고서 (2021.12),20220315001234,한솔제지,20220315,연,2022
530,00133335,성창기업지주,000180,Y,사업보고서 (2021.12),20220315001222,성창기업지주,20220315,연,2022
531,00403632,현대퓨처넷,126560,Y,사업보고서 (2021.12),20220315001210,현대퓨처넷,20220315,연,2022
532,00123541,보해양조,000890,Y,사업보고서 (2021.12),20220315001204,보해양조,20220315,연,2022
534,00126955,삼양식품,003230,Y,사업보고서 (2021.12),20220315001195,삼양식품,20220315,연,2022
535,00120526,롯데쇼핑,023530,Y,사업보고서 (2021.12),20220315001185,롯데쇼핑,20220315,연,2022
536,00157399,한솔테크닉스,004710,Y,사업보고서 (2021.12),20220315001175,한솔테크닉스,20220315,연,2022
537,00148832,제주은행,006220,Y,사업보고서 (2021.12),20220315001172,제주은행,20220315,연,2022
538,00983040,한진칼,180640,Y,사업보고서 (2021.12),20220315001132,한진칼,20220315,연,2022
539,00360595,현대글로비스,086280,Y,사업보고서 (2021.12),20220315001126,현대글로비스,20220315,연,2022
540,00113526,대한항공,003490,Y,사업보고서 (2021.12),20220315001120,대한항공,20220315,연,2022
541,00156691,한국공항,005430,Y,사업보고서 (2021.12),20220315001111,한국공항,20220315,연,2022
542,00234412,신세계인터내셔날,031430,Y,사업보고서 (2021.12),20220315001107,신세계인터내셔날,20220315,연,2022
543,01236897,제일약품,271980,Y,사업보고서 (2021.12),20220315001104,제일약품,20220315,연,2022
544,01060814,삼양패키징,272550,Y,사업보고서 (2021.12),20220315001102,삼양패키징,20220315,,2022
545,00148443,제일파마홀딩스,002620,Y,사업보고서 (2021.12),20220315001068,제일파마홀딩스,20220315,연,2022
546,00203582,한솔홈데코,025750,Y,사업보고서 (2021.12),20220315001058,한솔홈데코,20220315,연,2022
547,01258507,롯데웰푸드,280360,Y,사업보고서 (2021.12),20220315001046,롯데웰푸드,20220315,연,2022
548,00144720,와이투솔루션,011690,Y,사업보고서 (2021.12),20220315001039,와이투솔루션,20220315,연,2022
549,00356361,LG화학,051910,Y,사업보고서 (2021.12),20220315001036,LG화학,20220315,연,2022
550,01515323,LG에너지솔루션,373220,Y,사업보고서 (2021.12),20220315001026,LG에너지솔루션,20220315,연,2022
551,00102858,고려아연,010130,Y,사업보고서 (2021.12),20220315001010,고려아연,20220315,연,2022
552,00414850,효성 ITX,094280,Y,사업보고서 (2021.12),20220315001007,효성 ITX,20220315,연,2022
553,00103626,한솔피엔에스,010420,Y,사업보고서 (2021.12),20220315000956,한솔피엔에스,20220315,연,2022
554,00302926,현대로템,064350,Y,사업보고서 (2021.12),20220315000952,현대로템,20220315,연,2022
555,00134176,세우글로벌,013000,Y,사업보고서제출기한연장신고서 (2021.12),20220315000933,세우글로벌,20220315,,2022
556,00153755,태양금속공업,004100,Y,사업보고서 (2021.12),20220315000922,태양금속공업,20220315,연,2022
557,00113359,교보증권,030610,Y,사업보고서 (2021.12),20220315000921,교보증권,20220315,연,2022
558,00133858,세방전지,004490,Y,사업보고서 (2021.12),20220315000920,세방전지,20220315,연,2022
559,00128980,삼호개발,010960,Y,사업보고서 (2021.12),20220315000910,삼호개발,20220315,연,2022
560,00939687,동일고무벨트,163560,Y,사업보고서 (2021.12),20220315000862,동일고무벨트,20220315,연,2022
561,00564562,엠씨넥스,097520,Y,사업보고서 (2021.12),20220315000841,엠씨넥스,20220315,연,2022
562,00105873,LG디스플레이,034220,Y,사업보고서 (2021.12),20220315000742,LG디스플레이,20220315,연,2022
563,00136086,무림페이퍼,009200,Y,사업보고서 (2021.12),20220315000719,무림페이퍼,20220315,연,2022
564,00152039,SG글로벌,001380,Y,사업보고서 (2021.12),20220315000715,SG글로벌,20220315,연,2022
565,00140779,영보화학,014440,Y,사업보고서 (2021.12),20220315000699,영보화학,20220315,연,2022
566,00119007,무림P&P,009580,Y,사업보고서 (2021.12),20220315000694,무림P&P,20220315,연,2022
567,00653024,진에어,272450,Y,사업보고서 (2021.12),20220315000693,진에어,20220315,,2022
568,00132725,성보화학,003080,Y,사업보고서 (2021.12),20220315000678,성보화학,20220315,연,2022
569,00145880,현대제철,004020,Y,사업보고서 (2021.12),20220315000651,현대제철,20220315,연,2022
570,00120182,NH투자증권,005940,Y,사업보고서 (2021.12),20220315000644,NH투자증권,20220315,연,2022
571,00122481,태경비케이,014580,Y,사업보고서 (2021.12),20220315000630,태경비케이,20220315,연,2022
572,00145163,파미셀,005690,Y,사업보고서 (2021.12),20220315000612,파미셀,20220315,,2022
573,00454946,그린케미칼,083420,Y,사업보고서 (2021.12),20220315000608,그린케미칼,20220315,,2022
574,00141307,영풍,000670,Y,사업보고서 (2021.12),20220315000564,영풍,20220315,연,2022
575,00164609,현대미포조선,010620,Y,[기재정정]사업보고서 (2021.12),20220315000376,현대미포조선,20220315,연,2022
576,00159810,카프로,006380,Y,사업보고서 (2021.12),20220315000294,카프로,20220315,,2022
577,00508344,SK디앤디,210980,Y,사업보고서 (2021.12),20220315000199,SK디앤디,20220315,연,2022
578,00140955,한솔케미칼,014680,Y,사업보고서 (2021.12),20220315000012,한솔케미칼,20220315,연,2022
579,01436558,신한서부티엔디리츠,404990,Y,사업보고서 (2021.12),20220315000010,신한서부티엔디리츠,20220315,연,2022
580,01325979,세아제강,306200,Y,사업보고서 (2021.12),20220314001229,세아제강,20220315,,2022
581,00124197,세아제강지주,003030,Y,사업보고서 (2021.12),20220314001220,세아제강지주,20220315,연,2022
582,00133991,세아특수강,019440,Y,사업보고서 (2021.12),20220314001226,세아특수강,20220315,연,2022
583,00111704,대우조선해양,042660,Y,사업보고서 (2021.12),20220314001167,대우조선해양,20220314,연,2022
584,01262032,롯데정보통신,286940,Y,[기재정정]사업보고서 (2021.12),20220314001163,롯데정보통신,20220314,연,2022
585,00101044,에이프로젠바이오로직스,003060,Y,사업보고서 (2021.12),20220314001107,에이프로젠바이오로직스,20220314,연,2022
586,00525934,LX세미콘,108320,Y,사업보고서 (2021.12),20220314000950,LX세미콘,20220314,연,2022
587,00760971,크래프톤,259960,Y,사업보고서 (2021.12),20220314000894,크래프톤,20220314,연,2022
588,00164830,HD한국조선해양,009540,Y,사업보고서 (2021.12),20220314000893,HD한국조선해양,20220314,연,2022
589,00148984,조선내화,000480,Y,사업보고서 (2021.12),20220314000889,조선내화,20220314,연,2022
590,00158963,유나이티드,033270,Y,사업보고서 (2021.12),20220314000819,유나이티드,20220314,,2022
591,00158307,롯데하이마트,071840,Y,사업보고서 (2021.12),20220314000784,롯데하이마트,20220314,,2022
592,00860730,에이리츠,140910,Y,사업보고서 (2021.12),20220314000707,에이리츠,20220314,,2022
593,01390344,HD현대중공업,329180,Y,사업보고서 (2021.12),20220314000704,HD현대중공업,20220314,연,2022
594,00138279,S-Oil,010950,Y,사업보고서 (2021.12),20220314000379,S-Oil,20220314,연,2022
595,00124504,포스코인터내셔널,047050,Y,사업보고서 (2021.12),20220311001166,포스코인터내셔널,20220314,연,2022
596,00344287,HD현대인프라코어,042670,Y,사업보고서 (2021.12),20220311001112,HD현대인프라코어,20220311,연,2022
597,01205851,HD현대일렉트릭,267260,Y,사업보고서 (2021.12),20220311001108,HD현대일렉트릭,20220311,연,2022
598,00155276,포스코퓨처엠,003670,Y,사업보고서 (2021.12),20220311001089,포스코퓨처엠,20220311,연,2022
599,00148896,OCI홀딩스,010060,Y,사업보고서 (2021.12),20220311000911,OCI홀딩스,20220311,연,2022
600,01480780,NH올원리츠,400760,Y,사업보고서 (2021.12),20220311000796,NH올원리츠,20220311,연,2022
601,00155258,포스코스틸리온,058430,Y,사업보고서 (2021.12),20220311000529,포스코스틸리온,20220311,연,2022
602,01167056,샘표식품,248170,Y,사업보고서 (2021.12),20220311000417,샘표식품,20220311,연,2022
603,00153861,태영건설,009410,Y,사업보고서 (2021.12),20220310001209,태영건설,20220310,연,2022
604,00117188,효성,004800,Y,사업보고서 (2021.12),20220310001203,효성,20220310,연,2022
605,00260383,대한유화,006650,Y,사업보고서 (2021.12),20220310001198,대한유화,20220310,연,2022
606,00104388,국도화학,007690,Y,사업보고서 (2021.12),20220310001195,국도화학,20220310,연,2022
607,00127200,삼영전자공업,005680,Y,사업보고서 (2021.12),20220310001191,삼영전자공업,20220310,연,2022
608,00138729,아세아제지,002310,Y,사업보고서 (2021.12),20220310001190,아세아제지,20220310,연,2022
609,00121570,문배철강,008420,Y,사업보고서 (2021.12),20220310001184,문배철강,20220310,,2022
610,00138701,아세아,002030,Y,사업보고서 (2021.12),20220310001179,아세아,20220310,연,2022
611,00145109,유한양행,000100,Y,사업보고서 (2021.12),20220310001178,유한양행,20220310,연,2022
612,00990165,아세아시멘트,183190,Y,사업보고서 (2021.12),20220310001164,아세아시멘트,20220310,연,2022
613,00139214,삼성화재해상보험,000810,Y,사업보고서 (2021.12),20220310001159,삼성화재해상보험,20220310,연,2022
614,00116301,NI스틸,008260,Y,사업보고서 (2021.12),20220310001141,NI스틸,20220310,,2022
615,01535150,SK리츠,395400,Y,사업보고서 (2021.12),20220310001102,SK리츠,20220310,연,2022
616,00163196,한일철강,002220,Y,사업보고서 (2021.12),20220310001096,한일철강,20220310,연,2022
617,00157681,롯데정밀화학,004000,Y,사업보고서 (2021.12),20220310001085,롯데정밀화학,20220310,연,2022
618,00126478,삼성중공업,010140,Y,사업보고서 (2021.12),20220310001057,삼성중공업,20220310,연,2022
619,00646732,진양홀딩스,100250,Y,사업보고서 (2021.12),20220310001006,진양홀딩스,20220310,연,2022
620,00137997,현대차증권,001500,Y,사업보고서 (2021.12),20220310000899,현대차증권,20220310,연,2022
621,00534598,한컴라이프케어,372910,Y,사업보고서 (2021.12),20220310000833,한컴라이프케어,20220310,연,2022
622,00361488,텔코웨어,078000,Y,사업보고서 (2021.12),20220310000802,텔코웨어,20220310,연,2022
623,00149655,삼성물산,028260,Y,사업보고서 (2021.12),20220310000790,삼성물산,20220310,연,2022
624,00104856,삼성증권,016360,Y,사업보고서 (2021.12),20220310000784,삼성증권,20220310,연,2022
625,01363818,롯데리츠,330590,Y,사업보고서 (2021.12),20220310000702,롯데리츠,20220310,,2022
626,00165680,호텔신라,008770,Y,[기재정정]사업보고서 (2021.12),20220310000632,호텔신라,20220310,연,2022
627,00114552,도화엔지니어링,002150,Y,사업보고서 (2021.12),20220310000616,도화엔지니어링,20220310,연,2022
628,00135917,한화손해보험,000370,Y,사업보고서 (2021.12),20220310000539,한화손해보험,20220310,연,2022
629,00166573,환인제약,016580,Y,사업보고서 (2021.12),20220310000467,환인제약,20220310,연,2022
630,00145862,인천도시가스,034590,Y,사업보고서 (2021.12),20220310000410,인천도시가스,20220310,연,2022
631,00173944,우진,105840,Y,사업보고서 (2021.12),20220310000376,우진,20220310,연,2022
632,00151128,모토닉,009680,Y,사업보고서 (2021.12),20220310000288,모토닉,20220310,연,2022
633,00149345,조흥,002600,Y,사업보고서 (2021.12),20220310000270,조흥,20220310,,2022
634,00133618,세기상사,002420,Y,사업보고서 (2021.12),20220310000216,세기상사,20220310,,2022
635,00191588,삼원강재,023000,Y,사업보고서 (2021.12),20220310000009,삼원강재,20220310,,2022
636,00158501,에스원,012750,Y,사업보고서 (2021.12),20220308000980,에스원,20220308,연,2022
637,01316227,효성티앤씨,298020,Y,사업보고서 (2021.12),20220308000960,효성티앤씨,20220308,연,2022
638,00159786,유니드,014830,Y,사업보고서 (2021.12),20220308000942,유니드,20220308,연,2022
639,00126256,삼성생명,032830,Y,사업보고서 (2021.12),20220308000939,삼성생명,20220308,연,2022
640,00126362,삼성SDI,006400,Y,사업보고서 (2021.12),20220308000915,삼성SDI,20220308,연,2022
641,00111421,휴니드테크놀러지스,005870,Y,사업보고서 (2021.12),20220308000872,휴니드테크놀러지스,20220308,,2022
642,00135795,신도리코,029530,Y,사업보고서 (2021.12),20220308000868,신도리코,20220308,연,2022
643,00435312,하이스틸,071090,Y,사업보고서 (2021.12),20220308000841,하이스틸,20220308,연,2022
644,00126292,삼성카드,029780,Y,사업보고서 (2021.12),20220308000831,삼성카드,20220308,연,2022
645,01316254,효성첨단소재,298050,Y,사업보고서 (2021.12),20220308000820,효성첨단소재,20220308,연,2022
646,00126380,삼성전자,005930,Y,사업보고서 (2021.12),20220308000798,삼성전자,20220308,연,2022
647,00150439,진양산업,003780,Y,사업보고서 (2021.12),20220308000794,진양산업,20220308,연,2022
648,00126186,삼성에스디에스,018260,Y,사업보고서 (2021.12),20220308000737,삼성에스디에스,20220308,연,2022
649,01316236,효성화학,298000,Y,사업보고서 (2021.12),20220308000678,효성화학,20220308,연,2022
650,00126308,삼성엔지니어링,028050,Y,사업보고서 (2021.12),20220308000672,삼성엔지니어링,20220308,연,2022
651,00126371,삼성전기,009150,Y,사업보고서 (2021.12),20220308000667,삼성전기,20220308,연,2022
652,00347734,진양화학,051630,Y,사업보고서 (2021.12),20220304000705,진양화학,20220304,,2022
653,00266961,NAVER,035420,Y,사업보고서 (2021.12),20220304000687,NAVER,20220304,연,2022
654,00910947,바다로19호,155900,Y,사업보고서 (2021.12),20220303000743,바다로19호,20220304,연,2022
655,00222532,LG헬로비전,037560,Y,사업보고서 (2021.12),20220303000727,LG헬로비전,20220303,연,2022
656,00231363,LG유플러스,032640,Y,사업보고서 (2021.12),20220303000725,LG유플러스,20220303,연,2022
657,00134963,송원산업,004430,Y,사업보고서 (2021.12),20220303000087,송원산업,20220303,연,2022
661,01436628,이지스레지던스리츠,350520,Y,사업보고서 (2021.12),20220224004089,이지스레지던스리츠,20220224,,2022
663,00105961,LG이노텍,011070,Y,사업보고서 (2021.12),20220222003015,LG이노텍,20220223,연,2022
664,00140946,한솔로지스틱스,009180,Y,사업보고서 (2021.12),20220222001884,한솔로지스틱스,20220222,연,2022
665,00225159,SNT홀딩스,036530,Y,사업보고서 (2021.12),20220218001429,SNT홀딩스,20220218,연,2022
667,00648721,SNT에너지,100840,Y,사업보고서 (2021.12),20220218001091,SNT에너지,20220218,연,2022
668,00398792,SNT모티브,064960,Y,사업보고서 (2021.12),20220218001046,SNT모티브,20220218,연,2022
669,00134477,SNT다이내믹스,003570,Y,사업보고서 (2021.12),20220218001040,SNT다이내믹스,20220218,연,2022
677,01437186,ESR켄달스퀘어리츠,365550,Y,사업보고서 (2021.11),20220217000191,ESR켄달스퀘어리츠,20220217,연,2022
678,00164706,현대약품,004310,Y,사업보고서 (2021.11),20220216001148,현대약품,20220216,,2022
679,01437292,미래에셋맵스리츠,357250,Y,사업보고서 (2021.11),20220216000865,미래에셋맵스리츠,20220216,,2022
680,01391033,NH프라임리츠,338100,Y,사업보고서 (2021.11),20220210000432,NH프라임리츠,20220210,,2022
681,01430475,코람코에너지리츠,357120,Y,사업보고서 (2021.11),20220207000279,코람코에너지리츠,20220207,,2022
